[{"model": "brands.brand", "pk": 1, "fields": {"name": "RentalHomes.com", "alias": "RENTALHOMES", "key": "RH", "date": "2020-02-20T11:22:28Z", "sort_order": 14, "created_at": "2023-12-15T11:53:55.386Z", "updated_at": "2023-12-15T11:53:55.386Z"}}, {"model": "brands.brand", "pk": 2, "fields": {"name": "RentByOwner.com", "alias": "RENTBYOWNER", "key": "RBO", "date": "2023-03-03T01:13:29Z", "sort_order": 13, "created_at": "2023-12-15T11:53:55.408Z", "updated_at": "2023-12-15T11:53:55.408Z"}}, {"model": "brands.brand", "pk": 3, "fields": {"name": "BedroomVillas.com", "alias": "BEDROOMVILLAS", "key": "BV", "date": "2022-10-12T02:22:04Z", "sort_order": 3, "created_at": "2023-12-15T11:53:55.434Z", "updated_at": "2023-12-15T11:53:55.434Z"}}, {"model": "brands.brand", "pk": 4, "fields": {"name": "Stays.io", "alias": "STAYS", "key": "STY", "date": "2020-02-23T20:37:57Z", "sort_order": 17, "created_at": "2023-12-15T11:53:55.459Z", "updated_at": "2023-12-15T11:53:55.459Z"}}, {"model": "brands.brand", "pk": 5, "fields": {"name": "Oahu.com", "alias": "OAHU", "key": "OAHU", "date": "2020-02-23T20:18:44Z", "sort_order": 8, "created_at": "2023-12-15T11:53:55.480Z", "updated_at": "2023-12-15T11:53:55.480Z"}}, {"model": "brands.brand", "pk": 6, "fields": {"name": "PetFriendly.io", "alias": "PETFRIENDLY", "key": "PET", "date": "2022-10-12T02:22:58Z", "sort_order": 10, "created_at": "2023-12-15T11:53:55.500Z", "updated_at": "2023-12-15T11:53:55.500Z"}}, {"model": "brands.brand", "pk": 7, "fields": {"name": "SellOffRentals.com", "alias": "SELLOFFRENTALS", "key": "SOR", "date": "2020-02-20T11:19:09Z", "sort_order": 16, "created_at": "2023-12-15T11:53:55.525Z", "updated_at": "2023-12-15T11:53:55.525Z"}}, {"model": "brands.brand", "pk": 8, "fields": {"name": "SummerRentals.io", "alias": "SUMMERRENTALS", "key": "SR17", "date": "2020-02-23T20:38:55Z", "sort_order": 18, "created_at": "2023-12-15T11:53:55.546Z", "updated_at": "2023-12-15T11:53:55.546Z"}}, {"model": "brands.brand", "pk": 9, "fields": {"name": "Alojamiento.io", "alias": "ALOJAMIENTO", "key": "ALO", "date": "2020-02-20T10:59:46Z", "sort_order": 2, "created_at": "2023-12-15T11:53:55.567Z", "updated_at": "2023-12-15T11:53:55.567Z"}}, {"model": "brands.brand", "pk": 10, "fields": {"name": "ExecStays.com", "alias": "EXECSTAYS", "key": "EXEC", "date": "2020-02-20T11:15:46Z", "sort_order": 6, "created_at": "2023-12-15T11:53:55.584Z", "updated_at": "2023-12-15T11:53:55.584Z"}}, {"model": "brands.brand", "pk": 13, "fields": {"name": "VacationHome.rent", "alias": "VACATIONHOME", "key": "VHR", "date": "2022-10-12T02:23:28Z", "sort_order": 19, "created_at": "2023-12-15T11:53:55.606Z", "updated_at": "2023-12-15T11:53:55.606Z"}}, {"model": "brands.brand", "pk": 14, "fields": {"name": "AlohaVillas.io", "alias": "ALOHAVILLAS", "key": "AVI", "date": "2020-02-23T20:18:53Z", "sort_order": 1, "created_at": "2023-12-15T11:53:55.631Z", "updated_at": "2023-12-15T11:53:55.631Z"}}, {"model": "brands.brand", "pk": 15, "fields": {"name": "BedroomVillas.com.au", "alias": "BEDROOMVILLAS_AU", "key": "BVAU", "date": "2022-10-12T02:22:17Z", "sort_order": 4, "created_at": "2023-12-15T11:53:55.651Z", "updated_at": "2023-12-15T11:53:55.652Z"}}, {"model": "brands.brand", "pk": 16, "fields": {"name": "BedroomVillas.co.uk", "alias": "BEDROOMVILLAS_UK", "key": "BVUK", "date": "2022-10-12T02:22:34Z", "sort_order": 5, "created_at": "2023-12-15T11:53:55.677Z", "updated_at": "2023-12-15T11:53:55.677Z"}}, {"model": "brands.brand", "pk": 17, "fields": {"name": "Rentalhomes24.de", "alias": "RENTALHOMES_DE", "key": "RHDE", "date": "2020-02-23T20:37:48Z", "sort_order": 15, "created_at": "2023-12-15T11:53:55.702Z", "updated_at": "2023-12-15T11:53:55.702Z"}}, {"model": "brands.brand", "pk": 18, "fields": {"name": "MeilleuresLocations.fr", "alias": "MEILLEURESLOCATIONS", "key": "MLFR", "date": "2020-02-23T20:39:53Z", "sort_order": 7, "created_at": "2023-12-15T11:53:55.719Z", "updated_at": "2023-12-15T11:53:55.719Z"}}, {"model": "brands.brand", "pk": 19, "fields": {"name": "OneDegreeStays.com", "alias": "ONEDEGREESTAYS", "key": "ODS", "date": "2020-02-23T20:38:05Z", "sort_order": 9, "created_at": "2023-12-15T11:53:55.736Z", "updated_at": "2023-12-15T11:53:55.736Z"}}, {"model": "brands.brand", "pk": 20, "fields": {"name": "SunSkiResorts.com", "alias": "SUNSKIRESORTS", "key": "SSR", "date": "2020-02-23T20:38:14Z", "sort_order": 20, "created_at": "2023-12-15T11:53:55.758Z", "updated_at": "2023-12-15T11:53:55.758Z"}}, {"model": "brands.brand", "pk": 21, "fields": {"name": "Hotala.com", "alias": "HOTALA", "key": "HTL", "date": "2022-10-12T02:23:38Z", "sort_order": 21, "created_at": "2023-12-15T11:53:55.779Z", "updated_at": "2023-12-15T11:53:55.779Z"}}, {"model": "brands.brand", "pk": 22, "fields": {"name": "Varoom.com", "alias": "VAROOM", "key": "VRM", "date": "2022-10-12T02:20:56Z", "sort_order": 22, "created_at": "2023-12-15T11:53:55.804Z", "updated_at": "2023-12-15T11:53:55.804Z"}}, {"model": "brands.brand", "pk": 23, "fields": {"name": "Bedroomvillas.ca", "alias": "BEDROOMVILLAS_CA", "key": "BVCA", "date": "2022-10-12T02:21:21Z", "sort_order": 23, "created_at": "2023-12-15T11:53:55.832Z", "updated_at": "2023-12-15T11:53:55.832Z"}}, {"model": "brands.brand", "pk": 24, "fields": {"name": "Hotala.es", "alias": "HOTALA_ES", "key": "HTLES", "date": "2022-11-20T23:04:59Z", "sort_order": 24, "created_at": "2023-12-15T11:53:55.858Z", "updated_at": "2023-12-15T11:53:55.858Z"}}, {"model": "brands.brand", "pk": 25, "fields": {"name": "Vacationcottages.com", "alias": "VACATIONCOTTAGES", "key": "VAC", "date": "2023-02-06T02:32:33Z", "sort_order": 25, "created_at": "2023-12-15T11:53:55.883Z", "updated_at": "2023-12-15T11:53:55.883Z"}}, {"model": "brands.brand", "pk": 26, "fields": {"name": "Cabinns.ca", "alias": "CABINNS_CA", "key": "CBNCA", "date": "2023-02-14T01:39:44Z", "sort_order": 26, "created_at": "2023-12-15T11:53:55.908Z", "updated_at": "2023-12-15T11:53:55.908Z"}}, {"model": "brands.brand", "pk": 27, "fields": {"name": "Cabinns.com", "alias": "CABINNS", "key": "CBN", "date": "2023-02-14T00:05:34Z", "sort_order": 27, "created_at": "2023-12-15T11:53:55.910Z", "updated_at": "2023-12-15T11:53:55.910Z"}}, {"model": "brands.brand", "pk": 28, "fields": {"name": "Pickletrip.com", "alias": "PICKLETRIP", "key": "PCT", "date": "2023-05-22T00:25:40Z", "sort_order": 28, "created_at": "2023-12-15T11:53:55.936Z", "updated_at": "2023-12-15T11:53:55.936Z"}}, {"model": "brands.brand", "pk": 29, "fields": {"name": "Hotala.ar", "alias": "HOTALA_AR", "key": "HTLAR", "date": "2023-06-14T23:09:46Z", "sort_order": 29, "created_at": "2023-12-15T11:53:55.964Z", "updated_at": "2023-12-15T11:53:55.964Z"}}, {"model": "brands.brand", "pk": 30, "fields": {"name": "Hotala.mx", "alias": "HOTALA_MX", "key": "HTLMX", "date": "2023-06-14T23:09:20Z", "sort_order": 30, "created_at": "2023-12-15T11:53:55.987Z", "updated_at": "2023-12-15T11:53:55.987Z"}}, {"model": "brands.brand", "pk": 31, "fields": {"name": "Ferienimhaus.de", "alias": "FERIENIMHAUS", "key": "FMDE", "date": "2023-10-18T03:57:00Z", "sort_order": 31, "created_at": "2023-12-15T11:53:56.011Z", "updated_at": "2023-12-15T11:53:56.011Z"}}, {"model": "brands.brand", "pk": 32, "fields": {"name": "Onlinereservations.ai", "alias": "ONLINERESERVATIONS", "key": "ORAI", "date": "2023-12-06T21:10:10Z", "sort_order": 32, "created_at": "2023-12-15T11:53:56.042Z", "updated_at": "2023-12-15T11:53:56.042Z"}}, {"model": "brands.brandspartners", "pk": 1, "fields": {"brand": 1, "partner": 1}}, {"model": "brands.brandspartners", "pk": 2, "fields": {"brand": 1, "partner": 2}}, {"model": "brands.brandspartners", "pk": 3, "fields": {"brand": 1, "partner": 3}}, {"model": "brands.brandspartners", "pk": 4, "fields": {"brand": 1, "partner": 4}}, {"model": "brands.brandspartners", "pk": 5, "fields": {"brand": 1, "partner": 12}}, {"model": "brands.brandspartners", "pk": 6, "fields": {"brand": 2, "partner": 1}}, {"model": "brands.brandspartners", "pk": 7, "fields": {"brand": 2, "partner": 3}}, {"model": "brands.brandspartners", "pk": 8, "fields": {"brand": 2, "partner": 13}}, {"model": "brands.brandspartners", "pk": 9, "fields": {"brand": 2, "partner": 14}}, {"model": "brands.brandspartners", "pk": 10, "fields": {"brand": 2, "partner": 15}}, {"model": "brands.brandspartners", "pk": 11, "fields": {"brand": 2, "partner": 16}}, {"model": "brands.brandspartners", "pk": 12, "fields": {"brand": 2, "partner": 17}}, {"model": "brands.brandspartners", "pk": 13, "fields": {"brand": 3, "partner": 1}}, {"model": "brands.brandspartners", "pk": 14, "fields": {"brand": 3, "partner": 3}}, {"model": "brands.brandspartners", "pk": 15, "fields": {"brand": 3, "partner": 13}}, {"model": "brands.brandspartners", "pk": 16, "fields": {"brand": 3, "partner": 14}}, {"model": "brands.brandspartners", "pk": 17, "fields": {"brand": 3, "partner": 15}}, {"model": "brands.brandspartners", "pk": 18, "fields": {"brand": 3, "partner": 16}}, {"model": "brands.brandspartners", "pk": 19, "fields": {"brand": 4, "partner": 1}}, {"model": "brands.brandspartners", "pk": 20, "fields": {"brand": 4, "partner": 2}}, {"model": "brands.brandspartners", "pk": 21, "fields": {"brand": 4, "partner": 3}}, {"model": "brands.brandspartners", "pk": 22, "fields": {"brand": 4, "partner": 4}}, {"model": "brands.brandspartners", "pk": 23, "fields": {"brand": 4, "partner": 12}}, {"model": "brands.brandspartners", "pk": 24, "fields": {"brand": 5, "partner": 1}}, {"model": "brands.brandspartners", "pk": 25, "fields": {"brand": 5, "partner": 2}}, {"model": "brands.brandspartners", "pk": 26, "fields": {"brand": 5, "partner": 3}}, {"model": "brands.brandspartners", "pk": 27, "fields": {"brand": 5, "partner": 4}}, {"model": "brands.brandspartners", "pk": 28, "fields": {"brand": 5, "partner": 12}}, {"model": "brands.brandspartners", "pk": 29, "fields": {"brand": 6, "partner": 1}}, {"model": "brands.brandspartners", "pk": 30, "fields": {"brand": 6, "partner": 3}}, {"model": "brands.brandspartners", "pk": 31, "fields": {"brand": 6, "partner": 13}}, {"model": "brands.brandspartners", "pk": 32, "fields": {"brand": 6, "partner": 14}}, {"model": "brands.brandspartners", "pk": 33, "fields": {"brand": 6, "partner": 15}}, {"model": "brands.brandspartners", "pk": 34, "fields": {"brand": 6, "partner": 16}}, {"model": "brands.brandspartners", "pk": 35, "fields": {"brand": 7, "partner": 1}}, {"model": "brands.brandspartners", "pk": 36, "fields": {"brand": 7, "partner": 2}}, {"model": "brands.brandspartners", "pk": 37, "fields": {"brand": 7, "partner": 3}}, {"model": "brands.brandspartners", "pk": 38, "fields": {"brand": 7, "partner": 4}}, {"model": "brands.brandspartners", "pk": 39, "fields": {"brand": 7, "partner": 12}}, {"model": "brands.brandspartners", "pk": 40, "fields": {"brand": 8, "partner": 1}}, {"model": "brands.brandspartners", "pk": 41, "fields": {"brand": 8, "partner": 2}}, {"model": "brands.brandspartners", "pk": 42, "fields": {"brand": 8, "partner": 3}}, {"model": "brands.brandspartners", "pk": 43, "fields": {"brand": 8, "partner": 4}}, {"model": "brands.brandspartners", "pk": 44, "fields": {"brand": 8, "partner": 12}}, {"model": "brands.brandspartners", "pk": 45, "fields": {"brand": 9, "partner": 1}}, {"model": "brands.brandspartners", "pk": 46, "fields": {"brand": 9, "partner": 4}}, {"model": "brands.brandspartners", "pk": 47, "fields": {"brand": 9, "partner": 11}}, {"model": "brands.brandspartners", "pk": 48, "fields": {"brand": 9, "partner": 12}}, {"model": "brands.brandspartners", "pk": 49, "fields": {"brand": 10, "partner": 1}}, {"model": "brands.brandspartners", "pk": 50, "fields": {"brand": 10, "partner": 2}}, {"model": "brands.brandspartners", "pk": 51, "fields": {"brand": 10, "partner": 3}}, {"model": "brands.brandspartners", "pk": 52, "fields": {"brand": 10, "partner": 4}}, {"model": "brands.brandspartners", "pk": 53, "fields": {"brand": 10, "partner": 12}}, {"model": "brands.brandspartners", "pk": 54, "fields": {"brand": 13, "partner": 1}}, {"model": "brands.brandspartners", "pk": 55, "fields": {"brand": 13, "partner": 3}}, {"model": "brands.brandspartners", "pk": 56, "fields": {"brand": 13, "partner": 13}}, {"model": "brands.brandspartners", "pk": 57, "fields": {"brand": 13, "partner": 14}}, {"model": "brands.brandspartners", "pk": 58, "fields": {"brand": 13, "partner": 15}}, {"model": "brands.brandspartners", "pk": 59, "fields": {"brand": 13, "partner": 16}}, {"model": "brands.brandspartners", "pk": 60, "fields": {"brand": 14, "partner": 1}}, {"model": "brands.brandspartners", "pk": 61, "fields": {"brand": 14, "partner": 2}}, {"model": "brands.brandspartners", "pk": 62, "fields": {"brand": 14, "partner": 3}}, {"model": "brands.brandspartners", "pk": 63, "fields": {"brand": 14, "partner": 4}}, {"model": "brands.brandspartners", "pk": 64, "fields": {"brand": 14, "partner": 12}}, {"model": "brands.brandspartners", "pk": 65, "fields": {"brand": 15, "partner": 1}}, {"model": "brands.brandspartners", "pk": 66, "fields": {"brand": 15, "partner": 3}}, {"model": "brands.brandspartners", "pk": 67, "fields": {"brand": 15, "partner": 13}}, {"model": "brands.brandspartners", "pk": 68, "fields": {"brand": 15, "partner": 14}}, {"model": "brands.brandspartners", "pk": 69, "fields": {"brand": 15, "partner": 15}}, {"model": "brands.brandspartners", "pk": 70, "fields": {"brand": 15, "partner": 16}}, {"model": "brands.brandspartners", "pk": 71, "fields": {"brand": 16, "partner": 1}}, {"model": "brands.brandspartners", "pk": 72, "fields": {"brand": 16, "partner": 3}}, {"model": "brands.brandspartners", "pk": 73, "fields": {"brand": 16, "partner": 13}}, {"model": "brands.brandspartners", "pk": 74, "fields": {"brand": 16, "partner": 14}}, {"model": "brands.brandspartners", "pk": 75, "fields": {"brand": 16, "partner": 15}}, {"model": "brands.brandspartners", "pk": 76, "fields": {"brand": 16, "partner": 16}}, {"model": "brands.brandspartners", "pk": 77, "fields": {"brand": 17, "partner": 1}}, {"model": "brands.brandspartners", "pk": 78, "fields": {"brand": 17, "partner": 4}}, {"model": "brands.brandspartners", "pk": 79, "fields": {"brand": 17, "partner": 8}}, {"model": "brands.brandspartners", "pk": 80, "fields": {"brand": 17, "partner": 12}}, {"model": "brands.brandspartners", "pk": 81, "fields": {"brand": 18, "partner": 1}}, {"model": "brands.brandspartners", "pk": 82, "fields": {"brand": 18, "partner": 4}}, {"model": "brands.brandspartners", "pk": 83, "fields": {"brand": 18, "partner": 6}}, {"model": "brands.brandspartners", "pk": 84, "fields": {"brand": 18, "partner": 7}}, {"model": "brands.brandspartners", "pk": 85, "fields": {"brand": 19, "partner": 1}}, {"model": "brands.brandspartners", "pk": 86, "fields": {"brand": 19, "partner": 2}}, {"model": "brands.brandspartners", "pk": 87, "fields": {"brand": 19, "partner": 3}}, {"model": "brands.brandspartners", "pk": 88, "fields": {"brand": 19, "partner": 4}}, {"model": "brands.brandspartners", "pk": 89, "fields": {"brand": 19, "partner": 12}}, {"model": "brands.brandspartners", "pk": 90, "fields": {"brand": 20, "partner": 1}}, {"model": "brands.brandspartners", "pk": 91, "fields": {"brand": 20, "partner": 2}}, {"model": "brands.brandspartners", "pk": 92, "fields": {"brand": 20, "partner": 3}}, {"model": "brands.brandspartners", "pk": 93, "fields": {"brand": 20, "partner": 4}}, {"model": "brands.brandspartners", "pk": 94, "fields": {"brand": 20, "partner": 12}}, {"model": "brands.brandspartners", "pk": 95, "fields": {"brand": 21, "partner": 1}}, {"model": "brands.brandspartners", "pk": 96, "fields": {"brand": 21, "partner": 3}}, {"model": "brands.brandspartners", "pk": 97, "fields": {"brand": 21, "partner": 13}}, {"model": "brands.brandspartners", "pk": 98, "fields": {"brand": 21, "partner": 14}}, {"model": "brands.brandspartners", "pk": 99, "fields": {"brand": 21, "partner": 15}}, {"model": "brands.brandspartners", "pk": 100, "fields": {"brand": 21, "partner": 16}}, {"model": "brands.brandspartners", "pk": 101, "fields": {"brand": 22, "partner": 1}}, {"model": "brands.brandspartners", "pk": 102, "fields": {"brand": 22, "partner": 2}}, {"model": "brands.brandspartners", "pk": 103, "fields": {"brand": 22, "partner": 3}}, {"model": "brands.brandspartners", "pk": 104, "fields": {"brand": 22, "partner": 13}}, {"model": "brands.brandspartners", "pk": 105, "fields": {"brand": 22, "partner": 14}}, {"model": "brands.brandspartners", "pk": 106, "fields": {"brand": 22, "partner": 15}}, {"model": "brands.brandspartners", "pk": 107, "fields": {"brand": 22, "partner": 16}}, {"model": "brands.brandspartners", "pk": 108, "fields": {"brand": 23, "partner": 1}}, {"model": "brands.brandspartners", "pk": 109, "fields": {"brand": 23, "partner": 3}}, {"model": "brands.brandspartners", "pk": 110, "fields": {"brand": 23, "partner": 13}}, {"model": "brands.brandspartners", "pk": 111, "fields": {"brand": 23, "partner": 14}}, {"model": "brands.brandspartners", "pk": 112, "fields": {"brand": 23, "partner": 15}}, {"model": "brands.brandspartners", "pk": 113, "fields": {"brand": 23, "partner": 16}}, {"model": "brands.brandspartners", "pk": 114, "fields": {"brand": 24, "partner": 1}}, {"model": "brands.brandspartners", "pk": 115, "fields": {"brand": 24, "partner": 3}}, {"model": "brands.brandspartners", "pk": 116, "fields": {"brand": 24, "partner": 13}}, {"model": "brands.brandspartners", "pk": 117, "fields": {"brand": 24, "partner": 14}}, {"model": "brands.brandspartners", "pk": 118, "fields": {"brand": 24, "partner": 15}}, {"model": "brands.brandspartners", "pk": 119, "fields": {"brand": 24, "partner": 16}}, {"model": "brands.brandspartners", "pk": 120, "fields": {"brand": 25, "partner": 1}}, {"model": "brands.brandspartners", "pk": 121, "fields": {"brand": 25, "partner": 3}}, {"model": "brands.brandspartners", "pk": 122, "fields": {"brand": 25, "partner": 13}}, {"model": "brands.brandspartners", "pk": 123, "fields": {"brand": 25, "partner": 14}}, {"model": "brands.brandspartners", "pk": 124, "fields": {"brand": 25, "partner": 15}}, {"model": "brands.brandspartners", "pk": 125, "fields": {"brand": 25, "partner": 16}}, {"model": "brands.brandspartners", "pk": 126, "fields": {"brand": 27, "partner": 1}}, {"model": "brands.brandspartners", "pk": 127, "fields": {"brand": 27, "partner": 3}}, {"model": "brands.brandspartners", "pk": 128, "fields": {"brand": 27, "partner": 13}}, {"model": "brands.brandspartners", "pk": 129, "fields": {"brand": 27, "partner": 14}}, {"model": "brands.brandspartners", "pk": 130, "fields": {"brand": 27, "partner": 15}}, {"model": "brands.brandspartners", "pk": 131, "fields": {"brand": 27, "partner": 16}}, {"model": "brands.brandspartners", "pk": 132, "fields": {"brand": 28, "partner": 1}}, {"model": "brands.brandspartners", "pk": 133, "fields": {"brand": 28, "partner": 3}}, {"model": "brands.brandspartners", "pk": 134, "fields": {"brand": 28, "partner": 13}}, {"model": "brands.brandspartners", "pk": 135, "fields": {"brand": 28, "partner": 14}}, {"model": "brands.brandspartners", "pk": 136, "fields": {"brand": 28, "partner": 15}}, {"model": "brands.brandspartners", "pk": 137, "fields": {"brand": 28, "partner": 16}}, {"model": "brands.brandspartners", "pk": 138, "fields": {"brand": 28, "partner": 17}}, {"model": "brands.brandspartners", "pk": 139, "fields": {"brand": 29, "partner": 1}}, {"model": "brands.brandspartners", "pk": 140, "fields": {"brand": 29, "partner": 3}}, {"model": "brands.brandspartners", "pk": 141, "fields": {"brand": 29, "partner": 13}}, {"model": "brands.brandspartners", "pk": 142, "fields": {"brand": 29, "partner": 15}}, {"model": "brands.brandspartners", "pk": 143, "fields": {"brand": 29, "partner": 16}}, {"model": "brands.brandspartners", "pk": 144, "fields": {"brand": 29, "partner": 17}}, {"model": "brands.brandspartners", "pk": 145, "fields": {"brand": 30, "partner": 1}}, {"model": "brands.brandspartners", "pk": 146, "fields": {"brand": 30, "partner": 3}}, {"model": "brands.brandspartners", "pk": 147, "fields": {"brand": 30, "partner": 13}}, {"model": "brands.brandspartners", "pk": 148, "fields": {"brand": 30, "partner": 15}}, {"model": "brands.brandspartners", "pk": 149, "fields": {"brand": 30, "partner": 16}}, {"model": "brands.brandspartners", "pk": 150, "fields": {"brand": 30, "partner": 17}}, {"model": "brands.brandspartners", "pk": 151, "fields": {"brand": 31, "partner": 1}}, {"model": "brands.brandspartners", "pk": 152, "fields": {"brand": 31, "partner": 3}}, {"model": "brands.brandspartners", "pk": 153, "fields": {"brand": 31, "partner": 13}}, {"model": "brands.brandspartners", "pk": 154, "fields": {"brand": 31, "partner": 15}}, {"model": "brands.brandspartners", "pk": 155, "fields": {"brand": 31, "partner": 16}}, {"model": "brands.brandspartners", "pk": 156, "fields": {"brand": 31, "partner": 17}}, {"model": "brands.brandspartners", "pk": 157, "fields": {"brand": 31, "partner": 18}}, {"model": "brands.brandspartners", "pk": 158, "fields": {"brand": 32, "partner": 1}}, {"model": "brands.brandspartners", "pk": 159, "fields": {"brand": 32, "partner": 2}}, {"model": "brands.brandspartners", "pk": 160, "fields": {"brand": 32, "partner": 3}}, {"model": "brands.brandspartners", "pk": 161, "fields": {"brand": 32, "partner": 13}}, {"model": "brands.brandspartners", "pk": 162, "fields": {"brand": 32, "partner": 14}}, {"model": "brands.brandspartners", "pk": 163, "fields": {"brand": 32, "partner": 15}}, {"model": "brands.brandspartners", "pk": 164, "fields": {"brand": 32, "partner": 16}}, {"model": "brands.staticsitemapurl", "pk": 1, "fields": {"brand": 3, "static_sitemap": "[\"https://www.bedroomvillas.com\", \"https://www.bedroomvillas.com/faq\", \"https://www.bedroomvillas.com/about-us\", \"https://www.rentbyowner.com/addalisting\", \"https://www.bedroomvillas.com/site-terms\", \"https://www.bedroomvillas.com/privacy-policy\"]", "created_at": "2023-12-15T11:53:57.539Z", "updated_at": "2023-12-15T11:53:57.539Z"}}, {"model": "brands.staticsitemapurl", "pk": 2, "fields": {"brand": 2, "static_sitemap": "[\"https://www.rentbyowner.com\", \"https://www.rentbyowner.com/faq\", \"https://www.rentbyowner.com/about-us\", \"https://www.rentbyowner.com/addalisting\", \"https://www.rentbyowner.com/site-terms\", \"https://www.rentbyowner.com/privacy-policy\"]", "created_at": "2023-12-15T11:53:58.690Z", "updated_at": "2023-12-15T11:53:58.690Z"}}, {"model": "brands.dynamicsitemapurl", "pk": 1, "fields": {"category_listing_url": "mexico", "mapping_category_listing": "{\"RH\":\"vacation-rentals/mexico\",\"RBO\":\"vacation-rentals/mexico\",\"BV\":\"vacation-rentals/mexico\",\"STY\":\"vacation-rentals/mexico\",\"PET\":\"vacation-rentals/mexico\",\"SOR\":\"vacation-rentals/mexico\",\"SR17\":\"vacation-rentals/mexico\",\"ALO\":\"vacation-rentals/mexico\",\"EXEC\":\"vacation-rentals/mexico\",\"VHR\":\"vacation-rentals/mexico\",\"AVI\":\"vacation-rentals/mexico\",\"BVAU\":\"vacation-rentals/mexico\",\"BVUK\":\"vacation-rentals/mexico\",\"RHDE\":\"vacation-rentals/mexico\",\"MLFR\":\"vacation-rentals/mexico\",\"ODS\":\"vacation-rentals/mexico\",\"SSR\":\"vacation-rentals/mexico\"}", "created_at": "2023-12-15T11:53:56.796Z", "updated_at": "2023-12-15T11:53:56.796Z"}}, {"model": "brands.dynamicsitemapurl", "pk": 2, "fields": {"category_listing_url": "florida-usa", "mapping_category_listing": "{\"RH\":\"vacation-rentals/florida\",\"RBO\":\"vacation-rentals/florida\",\"BV\":\"vacation-rentals/florida\",\"STY\":\"vacation-rentals/florida\",\"PET\":\"vacation-rentals/florida\",\"SOR\":\"vacation-rentals/florida\",\"SR17\":\"vacation-rentals/florida\",\"ALO\":\"vacation-rentals/florida\",\"EXEC\":\"vacation-rentals/florida\",\"VHR\":\"vacation-rentals/florida\",\"AVI\":\"vacation-rentals/florida\",\"BVAU\":\"vacation-rentals/florida\",\"BVUK\":\"vacation-rentals/florida\",\"RHDE\":\"vacation-rentals/florida\",\"MLFR\":\"vacation-rentals/florida\",\"ODS\":\"vacation-rentals/florida\",\"SSR\":\"vacation-rentals/florida\"}", "created_at": "2023-12-15T11:53:56.797Z", "updated_at": "2023-12-15T11:53:56.797Z"}}, {"model": "brands.dynamicsitemapurl", "pk": 3, "fields": {"category_listing_url": "hawaii-usa", "mapping_category_listing": "{\"RH\":\"vacation-rentals/hawaii\",\"RBO\":\"vacation-rentals/hawaii\",\"BV\":\"vacation-rentals/hawaii\",\"STY\":\"vacation-rentals/hawaii\",\"PET\":\"vacation-rentals/hawaii\",\"SOR\":\"vacation-rentals/hawaii\",\"SR17\":\"vacation-rentals/hawaii\",\"ALO\":\"vacation-rentals/hawaii\",\"EXEC\":\"vacation-rentals/hawaii\",\"VHR\":\"vacation-rentals/hawaii\",\"AVI\":\"vacation-rentals/hawaii\",\"BVAU\":\"vacation-rentals/hawaii\",\"BVUK\":\"vacation-rentals/hawaii\",\"RHDE\":\"vacation-rentals/hawaii\",\"MLFR\":\"vacation-rentals/hawaii\",\"ODS\":\"vacation-rentals/hawaii\",\"SSR\":\"vacation-rentals/hawaii\"}", "created_at": "2023-12-15T11:53:56.799Z", "updated_at": "2023-12-15T11:53:56.799Z"}}, {"model": "brands.dynamicsitemapurl", "pk": 4, "fields": {"category_listing_url": "orlando-florida-usa", "mapping_category_listing": "{\"RH\":\"vacation-rentals/orlando\",\"RBO\":\"vacation-rentals/orlando\",\"BV\":\"vacation-rentals/orlando\",\"STY\":\"vacation-rentals/orlando\",\"PET\":\"vacation-rentals/orlando\",\"SOR\":\"vacation-rentals/orlando\",\"SR17\":\"vacation-rentals/orlando\",\"ALO\":\"vacation-rentals/orlando\",\"EXEC\":\"vacation-rentals/orlando\",\"VHR\":\"vacation-rentals/orlando\",\"AVI\":\"vacation-rentals/orlando\",\"BVAU\":\"vacation-rentals/orlando\",\"BVUK\":\"vacation-rentals/orlando\",\"RHDE\":\"vacation-rentals/orlando\",\"MLFR\":\"vacation-rentals/orlando\",\"ODS\":\"vacation-rentals/orlando\",\"SSR\":\"vacation-rentals/orlando\"}", "created_at": "2023-12-15T11:53:56.800Z", "updated_at": "2023-12-15T11:53:56.800Z"}}, {"model": "brands.dynamicsitemapurl", "pk": 5, "fields": {"category_listing_url": "honolulu-hawaii-usa", "mapping_category_listing": "{\"RH\":\"vacation-rentals/honolulu\",\"RBO\":\"vacation-rentals/honolulu\",\"BV\":\"vacation-rentals/honolulu\",\"STY\":\"vacation-rentals/honolulu\",\"PET\":\"vacation-rentals/honolulu\",\"SOR\":\"vacation-rentals/honolulu\",\"SR17\":\"vacation-rentals/honolulu\",\"ALO\":\"vacation-rentals/honolulu\",\"EXEC\":\"vacation-rentals/honolulu\",\"VHR\":\"vacation-rentals/honolulu\",\"AVI\":\"vacation-rentals/honolulu\",\"BVAU\":\"vacation-rentals/honolulu\",\"BVUK\":\"vacation-rentals/honolulu\",\"RHDE\":\"vacation-rentals/honolulu\",\"MLFR\":\"vacation-rentals/honolulu\",\"ODS\":\"vacation-rentals/honolulu\",\"SSR\":\"vacation-rentals/honolulu\"}", "created_at": "2023-12-15T11:53:56.801Z", "updated_at": "2023-12-15T11:53:56.801Z"}}, {"model": "brands.dynamicsitemapurl", "pk": 6, "fields": {"category_listing_url": "destin-florida-usa", "mapping_category_listing": "{\"RH\":\"vacation-rentals/destin\",\"RBO\":\"vacation-rentals/destin\",\"BV\":\"vacation-rentals/destin\",\"STY\":\"vacation-rentals/destin\",\"PET\":\"vacation-rentals/destin\",\"SOR\":\"vacation-rentals/destin\",\"SR17\":\"vacation-rentals/destin\",\"ALO\":\"vacation-rentals/destin\",\"EXEC\":\"vacation-rentals/destin\",\"VHR\":\"vacation-rentals/destin\",\"AVI\":\"vacation-rentals/destin\",\"BVAU\":\"vacation-rentals/destin\",\"BVUK\":\"vacation-rentals/destin\",\"RHDE\":\"vacation-rentals/destin\",\"MLFR\":\"vacation-rentals/destin\",\"ODS\":\"vacation-rentals/destin\",\"SSR\":\"vacation-rentals/destin\"}", "created_at": "2023-12-15T11:53:56.802Z", "updated_at": "2023-12-15T11:53:56.802Z"}}, {"model": "brands.dynamicsitemapurl", "pk": 7, "fields": {"category_listing_url": "dubai-united-arab-emirates", "mapping_category_listing": "{\"RH\":\"vacation-rentals/dubai\",\"RBO\":\"vacation-rentals/dubai\",\"BV\":\"vacation-rentals/dubai\",\"STY\":\"vacation-rentals/dubai\",\"PET\":\"vacation-rentals/dubai\",\"SOR\":\"vacation-rentals/dubai\",\"SR17\":\"vacation-rentals/dubai\",\"ALO\":\"vacation-rentals/dubai\",\"EXEC\":\"vacation-rentals/dubai\",\"VHR\":\"vacation-rentals/dubai\",\"AVI\":\"vacation-rentals/dubai\",\"BVAU\":\"vacation-rentals/dubai\",\"BVUK\":\"vacation-rentals/dubai\",\"RHDE\":\"vacation-rentals/dubai\",\"MLFR\":\"vacation-rentals/dubai\",\"ODS\":\"vacation-rentals/dubai\",\"SSR\":\"vacation-rentals/dubai\"}", "created_at": "2023-12-15T11:53:56.803Z", "updated_at": "2023-12-15T11:53:56.803Z"}}, {"model": "brands.dynamicsitemapurl", "pk": 8, "fields": {"category_listing_url": "gulf-shores-alabama-usa", "mapping_category_listing": "{\"RH\":\"vacation-rentals/gulf-shores\",\"RBO\":\"vacation-rentals/gulf-shores\",\"BV\":\"vacation-rentals/gulf-shores\",\"STY\":\"vacation-rentals/gulf-shores\",\"PET\":\"vacation-rentals/gulf-shores\",\"SOR\":\"vacation-rentals/gulf-shores\",\"SR17\":\"vacation-rentals/gulf-shores\",\"ALO\":\"vacation-rentals/gulf-shores\",\"EXEC\":\"vacation-rentals/gulf-shores\",\"VHR\":\"vacation-rentals/gulf-shores\",\"AVI\":\"vacation-rentals/gulf-shores\",\"BVAU\":\"vacation-rentals/gulf-shores\",\"BVUK\":\"vacation-rentals/gulf-shores\",\"RHDE\":\"vacation-rentals/gulf-shores\",\"MLFR\":\"vacation-rentals/gulf-shores\",\"ODS\":\"vacation-rentals/gulf-shores\",\"SSR\":\"vacation-rentals/gulf-shores\"}", "created_at": "2023-12-15T11:53:56.804Z", "updated_at": "2023-12-15T11:53:56.804Z"}}, {"model": "brands.dynamicsitemapurl", "pk": 9, "fields": {"category_listing_url": "myrtle-beach-south-carolina-usa", "mapping_category_listing": "{\"RH\":\"vacation-rentals/myrtle-beach\",\"RBO\":\"vacation-rentals/myrtle-beach\",\"BV\":\"vacation-rentals/myrtle-beach\",\"STY\":\"vacation-rentals/myrtle-beach\",\"OAHU\":\"vacation-rentals/myrtle-beach\",\"PET\":\"vacation-rentals/myrtle-beach\",\"SOR\":\"vacation-rentals/myrtle-beach\",\"SR17\":\"vacation-rentals/myrtle-beach\",\"ALO\":\"vacation-rentals/myrtle-beach\",\"EXEC\":\"vacation-rentals/myrtle-beach\",\"VHR\":\"vacation-rentals/myrtle-beach\",\"AVI\":\"vacation-rentals/myrtle-beach\",\"BVAU\":\"vacation-rentals/myrtle-beach\",\"BVUK\":\"vacation-rentals/myrtle-beach\",\"RHDE\":\"vacation-rentals/myrtle-beach\",\"MLFR\":\"vacation-rentals/myrtle-beach\",\"ODS\":\"vacation-rentals/myrtle-beach\",\"SSR\":\"vacation-rentals/myrtle-beach\"}", "created_at": "2023-12-15T11:53:56.805Z", "updated_at": "2023-12-15T11:53:56.805Z"}}, {"model": "brands.dynamicsitemapurl", "pk": 10, "fields": {"category_listing_url": "miami-florida-usa", "mapping_category_listing": "{\"RH\":\"vacation-rentals/miami\",\"RBO\":\"vacation-rentals/miami\",\"BV\":\"vacation-rentals/miami\",\"STY\":\"vacation-rentals/miami\",\"PET\":\"vacation-rentals/miami\",\"SOR\":\"vacation-rentals/miami\",\"SR17\":\"vacation-rentals/miami\",\"ALO\":\"vacation-rentals/miami\",\"EXEC\":\"vacation-rentals/miami\",\"VHR\":\"vacation-rentals/miami\",\"AVI\":\"vacation-rentals/miami\",\"BVAU\":\"vacation-rentals/miami\",\"BVUK\":\"vacation-rentals/miami\",\"RHDE\":\"vacation-rentals/miami\",\"MLFR\":\"vacation-rentals/miami\",\"ODS\":\"vacation-rentals/miami\",\"SSR\":\"vacation-rentals/miami\"}", "created_at": "2023-12-15T11:53:56.806Z", "updated_at": "2023-12-15T11:53:56.806Z"}}, {"model": "brands.dynamicsitemapurl", "pk": 11, "fields": {"category_listing_url": "kihei-hawaii-usa", "mapping_category_listing": "{\"RH\":\"vacation-rentals/kihei\",\"RBO\":\"vacation-rentals/kihei\",\"BV\":\"vacation-rentals/kihei\",\"STY\":\"vacation-rentals/kihei\",\"PET\":\"vacation-rentals/kihei\",\"SOR\":\"vacation-rentals/kihei\",\"SR17\":\"vacation-rentals/kihei\",\"ALO\":\"vacation-rentals/kihei\",\"EXEC\":\"vacation-rentals/kihei\",\"VHR\":\"vacation-rentals/kihei\",\"AVI\":\"vacation-rentals/kihei\",\"BVAU\":\"vacation-rentals/kihei\",\"BVUK\":\"vacation-rentals/kihei\",\"RHDE\":\"vacation-rentals/kihei\",\"MLFR\":\"vacation-rentals/kihei\",\"ODS\":\"vacation-rentals/kihei\",\"SSR\":\"vacation-rentals/kihei\"}", "created_at": "2023-12-15T11:53:56.806Z", "updated_at": "2023-12-15T11:53:56.806Z"}}, {"model": "brands.dynamicsitemapurl", "pk": 12, "fields": {"category_listing_url": "amsterdam-north-holland-holland-netherlands", "mapping_category_listing": "{\"RH\":\"vacation-rentals/amsterdam\",\"RBO\":\"vacation-rentals/amsterdam\",\"BV\":\"vacation-rentals/amsterdam\",\"STY\":\"vacation-rentals/amsterdam\",\"PET\":\"vacation-rentals/amsterdam\",\"SOR\":\"vacation-rentals/amsterdam\",\"SR17\":\"vacation-rentals/amsterdam\",\"ALO\":\"vacation-rentals/amsterdam\",\"EXEC\":\"vacation-rentals/amsterdam\",\"VHR\":\"vacation-rentals/amsterdam\",\"AVI\":\"vacation-rentals/amsterdam\",\"BVAU\":\"vacation-rentals/amsterdam\",\"BVUK\":\"vacation-rentals/amsterdam\",\"RHDE\":\"vacation-rentals/amsterdam\",\"MLFR\":\"vacation-rentals/amsterdam\",\"ODS\":\"vacation-rentals/amsterdam\",\"SSR\":\"vacation-rentals/amsterdam\"}", "created_at": "2023-12-15T11:53:56.807Z", "updated_at": "2023-12-15T11:53:56.807Z"}}]